<?xml version="1.0" encoding="UTF-8"?>
<definitions xmlns="http://www.omg.org/spec/BPMN/20100524/MODEL"
             xmlns:xsi="http://www.w3.org/2001/XMLSchema-instance"
             xmlns:xsd="http://www.w3.org/2001/XMLSchema"
             xmlns:activiti="http://activiti.org/bpmn"
             xmlns:bpmndi="http://www.omg.org/spec/BPMN/20100524/DI"
             xmlns:omgdc="http://www.omg.org/spec/DD/20100524/DC"
             xmlns:omgdi="http://www.omg.org/spec/DD/20100524/DI"
             typeLanguage="http://www.w3.org/2001/XMLSchema"
             expressionLanguage="http://www.w3.org/1999/XPath"
             targetNamespace="localhost.boot2docker,uat.alpha-product,development.deva"
             id="definitions">

  <process id="switchApplications" name="Switches Alpha and Alpha-Future Applications">

    <startEvent id="theStart" activiti:initiator="initiator"/>

    <sequenceFlow id='flow1' sourceRef='theStart' targetRef='moveAlphaFuture' />

    <serviceTask id="moveAlphaFuture" name="Move Alpha-Future To Alpha LB" activiti:class="org.ventiv.docker.manager.process.SendRabbitMessageTask" >
      <extensionElements>
        <activiti:field name="hostName" expression="${alpha_future.rabbit.server}"/>
        <activiti:field name="port" expression="${alpha_future.rabbit.port.amqp}"/>
        <activiti:field name="exchange" stringValue="SystemBroadcast"/>
        <activiti:field name="message" stringValue='{ "loadBalancerKey": "Current" }'/>
        <activiti:field name="headers" expression='__TypeId__=com.aon.esolutions.alpha.common.queue.model.LoadBalancerSwitchMessage'/>
        <activiti:field name="contentType" stringValue='json'/>
      </extensionElements>
    </serviceTask>

    <sequenceFlow id='flow2' sourceRef='moveAlphaFuture' targetRef='removeAlphaFromLoadBalancer' />

    <serviceTask id="removeAlphaFromLoadBalancer" name="Remove Alpha From Load Balancer" activiti:class="org.ventiv.docker.manager.process.SendRabbitMessageTask">
      <extensionElements>
        <activiti:field name="hostName" expression="${alpha.rabbit.server}"/>
        <activiti:field name="port" expression="${alpha.rabbit.port.amqp}"/>
        <activiti:field name="exchange" stringValue="SystemBroadcast"/>
        <activiti:field name="message" stringValue='{ "loadBalancerKey": "Unavailable" }'/>
        <activiti:field name="headers" expression='__TypeId__=com.aon.esolutions.alpha.common.queue.model.LoadBalancerSwitchMessage'/>
        <activiti:field name="contentType" stringValue='json'/>
      </extensionElements>
    </serviceTask>

    <sequenceFlow id='flow3' sourceRef='removeAlphaFromLoadBalancer' targetRef='getLastRequestAge' />

    <serviceTask id="getLastRequestAge" name="Get Last Request Age" activiti:class="org.ventiv.docker.manager.process.RestCallTask">
      <extensionElements>
        <activiti:field name="applicationId" stringValue="alpha"/>
        <activiti:field name="serviceInstanceType" stringValue="alpha"/>
        <activiti:field name="url" stringValue="/common/util/admin/healthCheck"/>
        <activiti:field name="outputVariable" stringValue='lastRequestAge'/>
        <activiti:field name="variableExtractionTemplate" stringValue='lastRequestAge'/>
        <activiti:field name="aggregationType" stringValue='MIN'/>
      </extensionElements>
    </serviceTask>

    <sequenceFlow id='flow4' sourceRef='getLastRequestAge' targetRef='noUserExclusiveGw' />

    <exclusiveGateway id="noUserExclusiveGw" name="Are There No Users?" />

    <sequenceFlow id="flow5" name="Active Users Remain on Alpha" sourceRef="noUserExclusiveGw" targetRef="waitForUsersToExit">
      <conditionExpression xsi:type="tFormalExpression"><![CDATA[${lastRequestAge < 600000}]]></conditionExpression>
    </sequenceFlow>

    <sequenceFlow id="flow6" name="All Users are Off of Alpha" sourceRef="noUserExclusiveGw" targetRef="moveAlphaToAlphaFuture">
      <conditionExpression xsi:type="tFormalExpression"><![CDATA[${lastRequestAge >= 600000}]]></conditionExpression>
    </sequenceFlow>

    <sequenceFlow id='flow7' sourceRef='waitForUsersToExit' targetRef='getLastRequestAge' />

    <intermediateCatchEvent id="waitForUsersToExit" name="Wait For Users To Vacate Alpha">
      <timerEventDefinition>
        <timeDuration>PT1M</timeDuration>
      </timerEventDefinition>
    </intermediateCatchEvent>

    <serviceTask id="moveAlphaToAlphaFuture" name="Move Alpha To Future LB" activiti:class="org.ventiv.docker.manager.process.SendRabbitMessageTask">
      <extensionElements>
        <activiti:field name="hostName" expression="${alpha.rabbit.server}"/>
        <activiti:field name="port" expression="${alpha.rabbit.port.amqp}"/>
        <activiti:field name="exchange" stringValue="SystemBroadcast"/>
        <activiti:field name="message" stringValue='{ "loadBalancerKey": "Future" }'/>
        <activiti:field name="headers" expression='__TypeId__=com.aon.esolutions.alpha.common.queue.model.LoadBalancerSwitchMessage'/>
        <activiti:field name="contentType" stringValue='json'/>
      </extensionElements>
    </serviceTask>

    <sequenceFlow id='flow8' sourceRef='moveAlphaToAlphaFuture' targetRef='shutDownAlpha' />

    <serviceTask id="shutDownAlpha" name="Shutdown Alpha" activiti:expression="${environmentController.stopApplication(tierName, environmentId, 'alpha')}"/>

    <sequenceFlow id='flow9' sourceRef='shutDownAlpha' targetRef='swtichApplicationServiceInstances' />

    <serviceTask id="swtichApplicationServiceInstances" name="Switch Application Service Instances" activiti:expression="${environmentController.switchApplicationInstances(tierName, environmentId, 'alpha', 'alpha-future')}"/>

    <sequenceFlow id='flow10' sourceRef='swtichApplicationServiceInstances' targetRef='theEnd' />

    <endEvent id="theEnd" />

  </process>
  <bpmndi:BPMNDiagram id="BPMNDiagram_switchApplications">
    <bpmndi:BPMNPlane bpmnElement="switchApplications" id="BPMNPlane_switchApplications">
      <bpmndi:BPMNShape bpmnElement="theStart" id="BPMNShape_theStart">
        <omgdc:Bounds height="35.0" width="35.0" x="0.0" y="97.0"></omgdc:Bounds>
      </bpmndi:BPMNShape>
      <bpmndi:BPMNShape bpmnElement="moveAlphaFuture" id="BPMNShape_moveAlphaFuture">
        <omgdc:Bounds height="73.0" width="111.0" x="90.0" y="78.0"></omgdc:Bounds>
      </bpmndi:BPMNShape>
      <bpmndi:BPMNShape bpmnElement="removeAlphaFromLoadBalancer" id="BPMNShape_removeAlphaFromLoadBalancer">
        <omgdc:Bounds height="72.0" width="131.0" x="80.0" y="179.0"></omgdc:Bounds>
      </bpmndi:BPMNShape>
      <bpmndi:BPMNShape bpmnElement="getLastRequestAge" id="BPMNShape_getLastRequestAge">
        <omgdc:Bounds height="72.0" width="105.0" x="230.0" y="80.0"></omgdc:Bounds>
      </bpmndi:BPMNShape>
      <bpmndi:BPMNShape bpmnElement="noUserExclusiveGw" id="BPMNShape_noUserExclusiveGw">
        <omgdc:Bounds height="40.0" width="40.0" x="400.0" y="99.0"></omgdc:Bounds>
      </bpmndi:BPMNShape>
      <bpmndi:BPMNShape bpmnElement="waitForUsersToExit" id="BPMNShape_waitForUsersToExit">
        <omgdc:Bounds height="35.0" width="35.0" x="403.0" y="189.0"></omgdc:Bounds>
      </bpmndi:BPMNShape>
      <bpmndi:BPMNShape bpmnElement="moveAlphaToAlphaFuture" id="BPMNShape_moveAlphaToAlphaFuture">
        <omgdc:Bounds height="72.0" width="121.0" x="540.0" y="80.0"></omgdc:Bounds>
      </bpmndi:BPMNShape>
      <bpmndi:BPMNShape bpmnElement="shutDownAlpha" id="BPMNShape_shutDownAlpha">
        <omgdc:Bounds height="72.0" width="121.0" x="540.0" y="180.0"></omgdc:Bounds>
      </bpmndi:BPMNShape>
      <bpmndi:BPMNShape bpmnElement="swtichApplicationServiceInstances" id="BPMNShape_swtichApplicationServiceInstances">
        <omgdc:Bounds height="75.0" width="121.0" x="700.0" y="78.0"></omgdc:Bounds>
      </bpmndi:BPMNShape>
      <bpmndi:BPMNShape bpmnElement="theEnd" id="BPMNShape_theEnd">
        <omgdc:Bounds height="35.0" width="35.0" x="870.0" y="98.0"></omgdc:Bounds>
      </bpmndi:BPMNShape>
      <bpmndi:BPMNEdge bpmnElement="flow1" id="BPMNEdge_flow1">
        <omgdi:waypoint x="35.0" y="114.0"></omgdi:waypoint>
        <omgdi:waypoint x="90.0" y="114.0"></omgdi:waypoint>
      </bpmndi:BPMNEdge>
      <bpmndi:BPMNEdge bpmnElement="flow2" id="BPMNEdge_flow2">
        <omgdi:waypoint x="145.0" y="151.0"></omgdi:waypoint>
        <omgdi:waypoint x="145.0" y="179.0"></omgdi:waypoint>
      </bpmndi:BPMNEdge>
      <bpmndi:BPMNEdge bpmnElement="flow3" id="BPMNEdge_flow3">
        <omgdi:waypoint x="145.0" y="179.0"></omgdi:waypoint>
        <omgdi:waypoint x="282.0" y="152.0"></omgdi:waypoint>
      </bpmndi:BPMNEdge>
      <bpmndi:BPMNEdge bpmnElement="flow4" id="BPMNEdge_flow4">
        <omgdi:waypoint x="335.0" y="116.0"></omgdi:waypoint>
        <omgdi:waypoint x="400.0" y="119.0"></omgdi:waypoint>
      </bpmndi:BPMNEdge>
      <bpmndi:BPMNEdge bpmnElement="flow5" id="BPMNEdge_flow5">
        <omgdi:waypoint x="420.0" y="139.0"></omgdi:waypoint>
        <omgdi:waypoint x="420.0" y="189.0"></omgdi:waypoint>
        <bpmndi:BPMNLabel>
          <omgdc:Bounds height="36.0" width="100.0" x="440.0" y="179.0"></omgdc:Bounds>
        </bpmndi:BPMNLabel>
      </bpmndi:BPMNEdge>
      <bpmndi:BPMNEdge bpmnElement="flow6" id="BPMNEdge_flow6">
        <omgdi:waypoint x="440.0" y="119.0"></omgdi:waypoint>
        <omgdi:waypoint x="465.0" y="120.0"></omgdi:waypoint>
        <omgdi:waypoint x="540.0" y="116.0"></omgdi:waypoint>
        <bpmndi:BPMNLabel>
          <omgdc:Bounds height="36.0" width="100.0" x="440.0" y="80.0"></omgdc:Bounds>
        </bpmndi:BPMNLabel>
      </bpmndi:BPMNEdge>
      <bpmndi:BPMNEdge bpmnElement="flow7" id="BPMNEdge_flow7">
        <omgdi:waypoint x="403.0" y="206.0"></omgdi:waypoint>
        <omgdi:waypoint x="282.0" y="206.0"></omgdi:waypoint>
        <omgdi:waypoint x="282.0" y="152.0"></omgdi:waypoint>
      </bpmndi:BPMNEdge>
      <bpmndi:BPMNEdge bpmnElement="flow8" id="BPMNEdge_flow8">
        <omgdi:waypoint x="600.0" y="152.0"></omgdi:waypoint>
        <omgdi:waypoint x="600.0" y="180.0"></omgdi:waypoint>
      </bpmndi:BPMNEdge>
      <bpmndi:BPMNEdge bpmnElement="flow9" id="BPMNEdge_flow9">
        <omgdi:waypoint x="600.0" y="180.0"></omgdi:waypoint>
        <omgdi:waypoint x="760.0" y="153.0"></omgdi:waypoint>
      </bpmndi:BPMNEdge>
      <bpmndi:BPMNEdge bpmnElement="flow10" id="BPMNEdge_flow10">
        <omgdi:waypoint x="821.0" y="115.0"></omgdi:waypoint>
        <omgdi:waypoint x="870.0" y="115.0"></omgdi:waypoint>
      </bpmndi:BPMNEdge>
    </bpmndi:BPMNPlane>
  </bpmndi:BPMNDiagram>
</definitions>